entity,epoch,step,train_acc_step,train_loss_step,user
0.007117200177162886,0,49,0.625,0.7082446511485614,0.008882214315235615
0.00797971524298191,0,99,0.4375,0.6801991093670949,0.007862281054258347
0.009004766121506691,0,149,0.625,0.7033076211810112,0.016030337661504745
0.009590466506779194,0,199,0.4375,0.6955679017701186,0.01878727599978447
0.00907097291201353,0,249,0.5625,0.6652259140973911,0.011212986893951893
0.013878279365599155,0,299,0.4375,0.7318337197648361,0.01159784197807312
0.013350998982787132,0,349,0.46875,0.697087075910531,0.008380320854485035
0.015056906268000603,0,399,0.40625,0.6792496389243752,0.007216325029730797
0.013617144897580147,0,449,0.4375,0.7243140070931986,0.09459467232227325
